订单ID,日期,产品,数量,单价,金额,客户,区域
PO43001,2026-03-15,装甲车,3,38000,114000,前卫集团,西南
PO43002,2026-01-17,步枪,39,65000,2535000,蓝鲸科技,华南
PO43003,2026-07-13,火炮,40,72000,2880000,前卫集团,华北
PO43004,2026-03-04,火炮,8,50000,400000,蓝鲸科技,西南
PO43005,2026-09-09,导弹,9,51000,459000,昆仑装备,西南
PO43006,2026-01-06,无人机,5,8000,40000,昆仑装备,华南
PO43007,2026-09-20,无人机,18,11000,198000,蓝鲸科技,华北
PO43008,2026-08-26,装甲车,7,81000,567000,长城工业,西南
PO43009,2026-02-25,装甲车,11,18000,198000,前卫集团,华南
PO43010,2026-02-18,无人机,24,25000,600000,长城工业,西南
PO43011,2026-07-02,步枪,50,48000,2400000,东海防务,华北
PO43012,2026-02-28,火炮,23,18000,414000,蓝鲸科技,华南
PO43013,2026-09-14,步枪,7,90000,630000,蓝鲸科技,华北
PO43014,2026-02-26,无人机,10,2000,20000,昆仑装备,华北
PO43015,2026-02-23,导弹,50,45000,2250000,东海防务,华南
PO43016,2026-06-28,步枪,49,60000,2940000,前卫集团,华北
PO43017,2026-07-07,导弹,6,28000,168000,东海防务,华南
PO43018,2026-07-26,装甲车,39,77000,3003000,东海防务,华南
PO43019,2026-09-06,火炮,4,25000,100000,前卫集团,华东
PO43020,2026-06-07,火炮,20,30000,600000,东海防务,西南